<?xml version="1.0" encoding="UTF-8"?>
<project-private xmlns="http://www.netbeans.org/ns/project-private/1">
    <editor-bookmarks xmlns="http://www.netbeans.org/ns/editor-bookmarks/2" lastBookmarkId="0"/>
    <open-files xmlns="http://www.netbeans.org/ns/projectui-open-files/2">
        <group>
            <file>file:/E:/Kuliah/SMT%203/FinPro/src/finpro/UpdateNoteFrame.java</file>
            <file>file:/E:/Kuliah/SMT%203/FinPro/src/finpro/SearchGUI.java</file>
            <file>file:/E:/Kuliah/SMT%203/FinPro/src/finpro/Koneksi.java</file>
            <file>file:/E:/Kuliah/SMT%203/FinPro/src/finpro/ShowFolderFrame.java</file>
            <file>file:/E:/Kuliah/SMT%203/FinPro/src/finpro/CreateNote.java</file>
            <file>file:/E:/Kuliah/SMT%203/FinPro/src/finpro/DeleteNote.java</file>
            <file>file:/E:/Kuliah/SMT%203/FinPro/src/finpro/FinProGUI.java</file>
            <file>file:/E:/Kuliah/SMT%203/FinPro/src/finpro/CreateFolderFrame.java</file>
            <file>file:/E:/Kuliah/SMT%203/FinPro/src/finpro/ReadNote.java</file>
            <file>file:/E:/Kuliah/SMT%203/FinPro/src/finpro/DeleteFolderConfirmFrame.java</file>
            <file>file:/E:/Kuliah/SMT%203/FinPro/src/finpro/FinPro.java</file>
            <file>file:/E:/Kuliah/SMT%203/FinPro/src/finpro/updateNote.java</file>
            <file>file:/E:/Kuliah/SMT%203/FinPro/src/finpro/CreateNoteFrame.java</file>
            <file>file:/E:/Kuliah/SMT%203/FinPro/src/finpro/ShowNoteListFrame.java</file>
        </group>
    </open-files>
</project-private>
